"id","offer","responded","ticket","concession"
2327543.3157105,"control",0,0,0
2860619.49818395,"control",0,0,0
3864266.81675948,"control",0,0,0
5541038.94997388,"control",1,157,17.46
2008409.65518728,"control",0,0,0
5491948.42483848,"control",1,49,15.75
5723376.34302676,"control",1,211,16.01
4303988.96243423,"control",0,0,0
4145570.2194944,"control",0,0,0
1308931.35233782,"control",0,0,0
2029872.8744965,"control",0,0,0
1882783.76264498,"control",0,0,0
4435114.23328891,"control",0,0,0
2920518.59106869,"control",0,0,0
4849207.09999278,"control",0,0,0
3488496.21042609,"control",0,0,0
4588092.54132211,"control",0,0,0
5959530.47415242,"control",1,181,18.46
2900175.89717172,"control",0,0,0
4887226.10659897,"control",0,0,0
5673526.15552954,"control",1,116,0
2060712.60641329,"control",0,0,0
4258368.83042939,"control",0,0,0
1627775.47980659,"control",0,0,0
2336103.34363766,"control",0,0,0
2930570.46271861,"control",0,0,0
1066951.66579448,"control",0,0,0
2911939.78535011,"control",0,0,0
5348454.22860235,"control",1,115,24.21
2701744.9834384,"control",0,0,0
3410400.57735518,"control",0,0,0
3997829.12712544,"control",0,0,0
3467706.53524436,"control",0,0,0
1931088.00705522,"control",0,0,0
5136866.59303494,"control",1,166,18.87
4342333.69096182,"control",0,0,0
4971199.3036326,"control",0,0,0
1539718.12943928,"control",0,0,0
4618554.73020114,"control",0,0,0
3056372.14821763,"control",0,0,0
5104731.47057928,"control",1,127,20.12
4235300.96909963,"control",0,0,0
4914663.8114471,"control",0,0,0
3765181.55820668,"control",0,0,0
3648597.90098853,"control",0,0,0
4946781.15844727,"control",0,0,0
1116656.01166897,"control",0,0,0
3386150.32518283,"control",0,0,0
4661568.693351,"control",0,0,0
4463657.78241307,"control",0,0,0
3388098.11067767,"control",0,0,0
5306047.3841615,"control",1,57,22.06
3190485.53612083,"control",0,0,0
2223986.38515733,"control",0,0,0
1353395.23572475,"control",0,0,0
1497330.80086298,"control",0,0,0
2581358.53591375,"control",0,0,0
3593171.31596617,"control",0,0,0
4310025.3820885,"control",0,0,0
3034150.93594231,"control",0,0,0
5564379.62129712,"control",1,144,31
2468016.86380059,"control",0,0,0
3295328.63129862,"control",0,0,0
2661973.37093763,"control",0,0,0
4254352.33535245,"control",0,0,0
2290083.90358649,"control",0,0,0
3392726.24137811,"control",0,0,0
4831553.35322954,"control",0,0,0
1421234.57184061,"control",0,0,0
5376606.65018484,"control",1,150,29.52
2695364.68922161,"control",0,0,0
5197201.75093971,"control",1,168,11.06
2733417.44579375,"control",0,0,0
2668874.65398759,"control",0,0,0
3381756.22536801,"control",0,0,0
5460991.67922512,"control",1,137,11.51
5321697.35315256,"control",1,79,21.57
2949947.71736674,"control",0,0,0
4886603.49417478,"control",0,0,0
5803089.98608962,"control",1,129,3.08
3173297.42386937,"control",0,0,0
4562573.39357398,"control",0,0,0
2999971.84448875,"control",0,0,0
2626760.75939089,"control",0,0,0
4785435.74013747,"control",0,0,0
2013461.27572469,"control",0,0,0
4555606.11234978,"control",0,0,0
1608459.60513689,"control",0,0,0
2227442.56979786,"control",0,0,0
1716521.8971204,"control",0,0,0
2198147.07548358,"control",0,0,0
1294671.88636772,"control",0,0,0
4211441.29266031,"control",0,0,0
5381346.06345557,"control",1,120,15.12
4894573.38722423,"control",0,0,0
4986544.1294387,"control",0,0,0
3276372.26809748,"control",0,0,0
3050420.41023262,"control",0,0,0
5054351.21385381,"control",1,52,36.31
4024666.45138338,"control",0,0,0
4273619.64038573,"control",0,0,0
2765986.35967821,"control",0,0,0
2351300.72943866,"control",0,0,0
5963420.30586675,"control",1,35,18.98
4167466.32219292,"control",0,0,0
2066040.67608714,"control",0,0,0
1646861.74038798,"control",0,0,0
3390590.17156251,"control",0,0,0
5620372.34916352,"control",1,114,12.91
3993804.8357144,"control",0,0,0
5880853.47460583,"control",1,162,10.53
4658962.55942062,"control",0,0,0
2783634.56041552,"control",0,0,0
3157368.45275387,"control",0,0,0
1741057.80338868,"control",0,0,0
1065387.87740283,"control",0,0,0
4577830.33046871,"control",0,0,0
1515921.17873952,"control",0,0,0
3231421.74305394,"control",0,0,0
4200505.22568636,"control",0,0,0
5959193.10022146,"control",1,201,14.39
3477967.88928099,"control",0,0,0
3421747.62184732,"control",0,0,0
1867211.67434007,"control",0,0,0
4774104.72254269,"control",0,0,0
3269477.44609788,"control",0,0,0
3555848.91885519,"control",0,0,0
2037725.5664207,"control",0,0,0
2143290.71366228,"control",0,0,0
3978559.98156592,"control",0,0,0
3874360.99140905,"control",0,0,0
1385321.90141268,"control",0,0,0
1177702.89792679,"control",0,0,0
4213977.46098228,"control",0,0,0
5643075.99817403,"control",1,174,10.48
3990462.11177483,"control",0,0,0
3804503.74004431,"control",0,0,0
3630138.61957006,"control",0,0,0
5925476.11938789,"control",1,95,6.71
3538209.11166258,"control",0,0,0
4413940.39336592,"control",0,0,0
4007706.08824678,"control",0,0,0
2194343.38877909,"control",0,0,0
2290829.63336259,"control",0,0,0
4646548.11681248,"control",0,0,0
3262854.15701568,"control",0,0,0
1875633.84207897,"control",0,0,0
4733491.34810269,"control",0,0,0
1524938.20199743,"control",0,0,0
5322724.7451432,"control",1,109,13.29
4073224.85838085,"control",0,0,0
3785797.69423231,"control",0,0,0
2643886.59526594,"control",0,0,0
3265657.22725354,"control",0,0,0
3502204.86312173,"control",0,0,0
1904331.80565014,"control",0,0,0
3648153.01401541,"control",0,0,0
1376378.72854248,"control",0,0,0
2388779.66324799,"control",0,0,0
2063497.59618752,"control",0,0,0
2423952.40487531,"control",0,0,0
5475470.51473521,"control",1,111,12.79
3231176.616624,"control",0,0,0
4899924.44892414,"control",0,0,0
5403095.17434798,"control",1,201,20.27
3065621.04751356,"control",0,0,0
1319042.40255244,"control",0,0,0
2677437.45842017,"control",0,0,0
4618629.73310053,"control",0,0,0
2688076.66748762,"control",0,0,0
4152070.61241381,"control",0,0,0
5203072.77003303,"control",1,223,24.72
5280658.3235506,"control",1,144,3.03
2956796.40513845,"control",0,0,0
2902469.42802332,"control",0,0,0
5477227.12997347,"control",1,93,1.9
4221578.81455496,"control",0,0,0
4705393.24358106,"control",0,0,0
4026517.23264717,"control",0,0,0
5515408.05748664,"control",1,144,28.26
2468650.77549592,"control",0,0,0
1956300.54944195,"control",0,0,0
5432254.71652113,"control",1,123,16.66
3516697.42865488,"control",0,0,0
5385287.7151221,"control",1,162,22.47
1945968.11220981,"control",0,0,0
4790515.26193507,"control",0,0,0
4622494.46334317,"control",0,0,0
5718624.09147434,"control",1,115,31.23
3738232.9350803,"control",0,0,0
4558719.33861636,"control",0,0,0
2944525.49912967,"control",0,0,0
1504365.63091353,"control",0,0,0
5636510.44294238,"control",1,139,33.21
2416162.50155494,"control",0,0,0
3952865.7940682,"control",0,0,0
1551803.02471854,"control",0,0,0
5202535.16058438,"control",1,220,30.45
2589818.42221692,"control",0,0,0
4914256.68494776,"control",0,0,0
2337541.03677347,"control",0,0,0
2093226.42441839,"control",0,0,0
3583984.1819834,"control",0,0,0
2344752.96013989,"control",0,0,0
1905841.63670428,"control",0,0,0
3592880.68744354,"control",0,0,0
3813914.67899084,"control",0,0,0
1645784.27234665,"control",0,0,0
2281838.02007698,"control",0,0,0
4589676.37992464,"control",0,0,0
5807049.68213104,"control",1,98,32.11
1500704.23283614,"control",0,0,0
4816113.44753765,"control",0,0,0
5739831.77333139,"control",1,218,17.78
5093173.44194278,"control",1,70,34.35
2541461.65354177,"control",0,0,0
4247897.30249904,"control",0,0,0
5766777.25557238,"control",1,42,19.22
5768663.25014271,"control",1,160,29.01
2699896.01708949,"control",0,0,0
2312370.55058591,"control",0,0,0
1827269.66589689,"control",0,0,0
2610840.28310142,"control",0,0,0
3550626.03275292,"control",0,0,0
5619842.35676937,"control",1,35,21.67
3554798.49176481,"control",0,0,0
2288106.30412772,"control",0,0,0
1232304.43475768,"control",0,0,0
3089281.2917009,"control",0,0,0
5270007.51136802,"control",1,133,33.48
2736153.38862874,"control",0,0,0
1657211.60266548,"control",0,0,0
2872434.32272226,"control",0,0,0
4157101.14198737,"control",0,0,0
2950394.66838352,"control",0,0,0
4448139.24399205,"control",0,0,0
4447067.06237048,"control",0,0,0
3774503.11579742,"control",0,0,0
3148122.03892507,"control",0,0,0
3263600.31403601,"control",0,0,0
2532216.29443578,"control",0,0,0
3891769.7200086,"control",0,0,0
5551851.52124614,"control",1,151,18.5
1713020.41062154,"control",0,0,0
3075238.12656291,"control",0,0,0
2054628.75333615,"control",0,0,0
3143751.85430981,"control",0,0,0
1663449.87601042,"control",0,0,0
3300482.22932965,"control",0,0,0
5714785.2962371,"control",1,102,6.68
4809869.30802464,"control",0,0,0
5664549.14421774,"control",1,174,13.22
3353392.48785749,"control",0,0,0
4017940.33846818,"control",0,0,0
3424948.40291329,"control",0,0,0
1544031.5825399,"control",0,0,0
2238634.16491076,"control",0,0,0
3492572.65357301,"control",0,0,0
2864333.54043402,"control",0,0,0
5673456.85116015,"control",1,170,5.49
3619930.38933724,"control",0,0,0
2585723.35843928,"control",0,0,0
2389830.14738187,"control",0,0,0
4937702.53867842,"control",0,0,0
4512312.56267056,"control",0,0,0
1825138.19332235,"control",0,0,0
1322287.69385256,"control",0,0,0
4773528.10814045,"control",0,0,0
4102050.16518012,"control",0,0,0
1847883.83333944,"control",0,0,0
1311070.26152313,"control",0,0,0
1545146.34306543,"control",0,0,0
2908581.75861649,"control",0,0,0
1846554.57292683,"control",0,0,0
2493262.71028258,"control",0,0,0
1961047.67522775,"control",0,0,0
2285850.10650568,"control",0,0,0
1906159.11409259,"control",0,0,0
3386568.54839064,"control",0,0,0
4853685.21441706,"control",0,0,0
1138935.61204895,"control",0,0,0
3636553.88494954,"control",0,0,0
5401595.34453414,"control",1,98,20.83
2865316.85991213,"control",0,0,0
1239795.65827176,"control",0,0,0
1693141.23364165,"control",0,0,0
2607460.60195379,"control",0,0,0
1774158.05659257,"control",0,0,0
1661140.86075686,"control",0,0,0
2106529.63863686,"control",0,0,0
2131903.98085862,"control",0,0,0
1657082.6692041,"control",0,0,0
5907817.30157323,"control",1,91,14.94
2635068.63405928,"control",0,0,0
3534697.48538919,"control",0,0,0
4407212.5738021,"control",0,0,0
1495845.51597945,"control",0,0,0
1594512.79114,"control",0,0,0
1252198.29753041,"control",0,0,0
5646269.59874295,"control",1,136,20.6
4368561.16424315,"control",0,0,0
1474289.27733563,"control",0,0,0
3462980.60403205,"control",0,0,0
3307759.20324959,"control",0,0,0
2876082.65434392,"control",0,0,0
5955496.09768204,"control",1,120,21.35
1881753.56853753,"control",0,0,0
5067176.04259029,"control",1,105,24.67
1342233.18565637,"control",0,0,0
3002248.7337701,"control",0,0,0
1705721.62861936,"control",0,0,0
1966549.31199737,"control",0,0,0
5206758.58389586,"control",1,175,21.79
4599569.94187087,"control",0,0,0
2336060.41548774,"control",0,0,0
3475008.22413713,"control",0,0,0
1415569.4891233,"control",0,0,0
2769421.20306194,"control",0,0,0
5846044.02678087,"control",1,97,20.71
4123570.94837353,"control",0,0,0
4323091.24874882,"control",0,0,0
2562448.28249328,"control",0,0,0
3028448.06364737,"control",0,0,0
5980386.85764186,"control",1,140,18.07
5275411.78185493,"control",1,199,13.68
5767741.98003113,"control",1,92,16.28
5061525.46172962,"control",1,66,12.67
4910910.57914309,"control",0,0,0
2339390.64457081,"control",0,0,0
4810757.64773414,"control",0,0,0
5931557.94567429,"control",1,161,34.7
2468027.74514072,"control",0,0,0
2996755.53478301,"control",0,0,0
5060657.61926584,"control",1,139,15.23
1385758.34594667,"control",0,0,0
2818484.04929042,"control",0,0,0
3212962.33590692,"control",0,0,0
1783570.66260651,"control",0,0,0
3911026.35092102,"control",0,0,0
5850810.89427695,"control",1,137,22.6
5947499.1671741,"control",1,201,20.13
1882260.18240675,"control",0,0,0
3710652.12204121,"control",0,0,0
2921519.46015656,"control",0,0,0
4380820.25409676,"control",0,0,0
2346468.89870055,"control",0,0,0
3346254.71173786,"control",0,0,0
1859000.41158311,"control",0,0,0
2845947.3119583,"control",0,0,0
4627026.36281028,"control",0,0,0
3430745.52156031,"control",0,0,0
1319012.33363897,"control",0,0,0
4922731.14994168,"control",0,0,0
3091608.17903467,"control",0,0,0
5905090.42399935,"control",1,137,35.53
2414419.77932118,"control",0,0,0
5239410.74754111,"control",1,90,21.67
1411196.15430944,"control",0,0,0
5432293.75290684,"control",1,128,2.54
3359653.65427546,"control",0,0,0
1545504.81727347,"control",0,0,0
2666389.92261142,"control",0,0,0
5187082.84618333,"control",1,143,29.84
2384249.20849502,"control",0,0,0
3935175.7070981,"control",0,0,0
5183661.34865209,"control",1,157,25.42
1355770.11993155,"control",0,0,0
4513893.71673577,"control",0,0,0
4494122.6860974,"control",0,0,0
3319811.90503575,"control",0,0,0
3184655.5522643,"control",0,0,0
3810883.93880054,"control",0,0,0
5642416.13168269,"control",1,101,37.56
2152332.07121491,"control",0,0,0
2109068.77205707,"control",0,0,0
3101079.46651988,"control",0,0,0
2667604.02848013,"control",0,0,0
5324037.75164858,"control",1,35,23.84
1885972.67866135,"control",0,0,0
3466593.64318475,"control",0,0,0
3148566.83393009,"control",0,0,0
3821319.21499968,"control",0,0,0
4280811.57756969,"control",0,0,0
5892770.31389065,"control",1,74,13.52
2160805.74225634,"control",0,0,0
2204057.98079446,"control",0,0,0
4984180.41993864,"control",0,0,0
5158358.57507773,"control",1,113,16.16
1567538.53219561,"control",0,0,0
5816560.08167192,"control",1,103,18.75
1736614.49830979,"control",0,0,0
1718134.71382484,"control",0,0,0
5626149.67604168,"control",1,78,26.86
3535178.01291309,"control",0,0,0
1774255.08527085,"control",0,0,0
2741510.26061736,"control",0,0,0
4299105.12897186,"control",0,0,0
2558861.8721813,"control",0,0,0
2757867.04639904,"control",0,0,0
1739228.53451222,"control",0,0,0
4294388.04532401,"control",0,0,0
1925349.82250072,"control",0,0,0
5771890.68449661,"control",1,161,20.71
5489242.46011302,"control",1,84,32.34
5718485.27202383,"control",1,120,22.86
4618453.7562076,"control",0,0,0
2851785.32963619,"control",0,0,0
4905087.70127781,"control",0,0,0
1055747.54322879,"control",0,0,0
5701543.56095009,"control",1,105,3.66
5968746.13105319,"control",1,102,19
2787028.7259575,"control",0,0,0
4738175.31741224,"control",0,0,0
4964545.11908814,"control",0,0,0
4529295.03191262,"control",0,0,0
3379125.19369274,"control",0,0,0
3473272.63001353,"control",0,0,0
2540262.24394329,"control",0,0,0
4475061.23129278,"control",0,0,0
5113966.52809344,"control",1,112,18.24
3173588.20373192,"control",0,0,0
3573663.26404735,"control",0,0,0
4315054.83831279,"control",0,0,0
1715832.93261938,"control",0,0,0
2722436.96870282,"control",0,0,0
3028817.91163236,"control",0,0,0
1426555.02911657,"control",0,0,0
5662859.64124836,"control",1,164,23.04
5191920.33354193,"control",1,91,37.18
5397166.48077592,"control",1,124,11.07
5678562.33823113,"control",1,217,25.74
1362303.16734873,"control",0,0,0
2893797.20250145,"control",0,0,0
3689324.6138934,"control",0,0,0
1525250.6933175,"control",0,0,0
5008438.52781691,"control",1,214,15.17
4698208.72903802,"control",0,0,0
1260745.06691657,"control",0,0,0
3410847.86597639,"control",0,0,0
5602589.2032776,"control",1,99,19.62
1207642.14452356,"control",0,0,0
2469958.99500325,"control",0,0,0
3504252.43633799,"control",0,0,0
4048744.67547052,"control",0,0,0
2321245.24796382,"control",0,0,0
3115493.04774962,"control",0,0,0
2832818.08160245,"control",0,0,0
5712526.61198378,"control",1,112,28.1
1618617.82567576,"control",0,0,0
1350163.39621507,"control",0,0,0
5821585.18978395,"control",1,68,15.95
3212550.54115318,"control",0,0,0
2851361.90149933,"control",0,0,0
1851217.90063567,"control",0,0,0
1270952.14696601,"control",0,0,0
4289140.34646004,"control",0,0,0
3890809.58347768,"control",0,0,0
5935508.81976262,"control",1,122,21.98
4018962.0074816,"control",0,0,0
1324749.59385581,"control",0,0,0
1810545.4093311,"control",0,0,0
3376989.60234411,"control",0,0,0
1009664.17370364,"control",0,0,0
3207295.71534321,"control",0,0,0
2304648.68620038,"control",0,0,0
5692068.72745417,"control",1,168,21.16
4579166.41863994,"control",0,0,0
1815427.39178985,"control",0,0,0
3380940.09226188,"control",0,0,0
4451283.61484967,"control",0,0,0
3304475.89769028,"control",0,0,0
5775733.6916402,"control",1,200,28.63
4562700.61223768,"control",0,0,0
2985739.66627009,"control",0,0,0
1588603.06045972,"control",0,0,0
2200581.36526495,"control",0,0,0
5318152.83256583,"control",1,102,18.42
3179882.00834952,"control",0,0,0
3489340.25992639,"control",0,0,0
4459638.36065494,"control",0,0,0
4801566.40894711,"control",0,0,0
1777006.11320324,"control",0,0,0
5247285.4652442,"control",1,146,33.79
5734089.09514546,"control",1,108,17.54
3942095.95187567,"control",0,0,0
3511254.07638028,"control",0,0,0
1948899.58854765,"control",0,0,0
1009184.29112062,"control",0,0,0
5387890.31119086,"control",1,118,18.43
1670556.68914691,"control",0,0,0
1113706.12075552,"control",0,0,0
5695683.53029899,"control",1,226,13.16
2464743.61419678,"control",0,0,0
1821632.87210278,"control",0,0,0
2995512.77910359,"control",0,0,0
3297877.06048228,"control",0,0,0
3170154.24277633,"control",0,0,0
3585049.13188517,"control",0,0,0
5231228.7632376,"control",1,120,16.43
1275821.43200561,"control",0,0,0
3770885.30594483,"food",0,0,0
4441376.18783861,"food",0,0,0
4290287.76846826,"food",0,0,0
4316713.62626366,"food",0,0,0
3361171.01274431,"food",0,0,0
5847640.83055779,"food",1,125,0
3010985.31368189,"food",0,0,0
5247760.51891968,"food",1,140,0
4783224.53703731,"food",1,148,18.23
3663006.09684549,"food",0,0,0
5370748.30406345,"food",1,127,21.37
3335575.57803579,"food",0,0,0
1040642.27687195,"food",0,0,0
4638835.0231573,"food",1,118,0
4582947.39387929,"food",1,128,17.86
1937131.85517117,"food",0,0,0
4230336.38414927,"food",0,0,0
3709896.39917389,"food",0,0,0
2676603.79898734,"food",0,0,0
4189543.61602664,"food",0,0,0
5146005.31919859,"food",1,170,0
4544875.99222921,"food",0,0,0
2742751.75435469,"food",0,0,0
1641639.37466219,"food",0,0,0
2940392.4443759,"food",0,0,0
5640887.74169795,"food",1,177,0.47
5021953.85657251,"food",1,149,7.35
4793484.03541371,"food",1,159,12.01
5786249.44458716,"food",1,142,18.27
5969569.39343363,"food",1,137,0
4032204.97327857,"food",0,0,0
1146885.82741655,"food",0,0,0
2682226.78941675,"food",0,0,0
2388290.43367878,"food",0,0,0
1585987.75067367,"food",0,0,0
1216091.29500575,"food",0,0,0
2851548.92853461,"food",0,0,0
2684391.54396765,"food",0,0,0
1868262.76732609,"food",0,0,0
4108866.39752425,"food",0,0,0
2989218.13745983,"food",0,0,0
5778378.84332985,"food",1,139,1.96
4266747.2155299,"food",0,0,0
2643718.58350933,"food",0,0,0
1985733.56750421,"food",0,0,0
1576711.62416227,"food",0,0,0
5979827.39354484,"food",1,120,10.93
2896383.62615369,"food",0,0,0
3809940.46363048,"food",0,0,0
4663590.08825384,"food",1,159,0
5354027.76463889,"food",1,150,0
3860851.29831918,"food",0,0,0
1055180.35497516,"food",0,0,0
5531576.30632631,"food",1,104,0
4853268.15769076,"food",1,187,12.07
2912523.11691642,"food",0,0,0
1470229.44432683,"food",0,0,0
1248267.91952364,"food",0,0,0
5105811.59056164,"food",1,123,0
5146621.52179517,"food",1,158,22.45
4273664.37879391,"food",0,0,0
1664139.06519301,"food",0,0,0
2709049.5058801,"food",0,0,0
4656857.89496638,"food",1,146,1.71
5536457.08039403,"food",1,140,3.7
4480984.99700427,"food",0,0,0
2207896.11130022,"food",0,0,0
4220536.14305332,"food",0,0,0
2403751.06828287,"food",0,0,0
5788182.60366097,"food",1,173,20.44
1791979.78368029,"food",0,0,0
3091694.95850801,"food",0,0,0
2260048.98687825,"food",0,0,0
1471951.33869536,"food",0,0,0
5138588.84829096,"food",1,150,10.84
3626527.51873247,"food",0,0,0
4338738.13739046,"food",0,0,0
3041388.79897073,"food",0,0,0
5212949.51695018,"food",1,86,8.21
4686527.33974159,"food",1,114,0
2741122.00504169,"food",0,0,0
5744690.88716432,"food",1,115,24.74
4233395.9499374,"food",0,0,0
1176388.8343703,"food",0,0,0
3982242.27852188,"food",0,0,0
3076590.0076367,"food",0,0,0
1384485.19073427,"food",0,0,0
3640244.3961706,"food",0,0,0
5811666.54266417,"food",1,140,0
4543700.25568642,"food",0,0,0
3767378.51789221,"food",0,0,0
2214783.0449976,"food",0,0,0
4890212.64505573,"food",1,123,4.52
4259704.71720211,"food",0,0,0
5151228.51962224,"food",1,182,29.17
4242754.73714806,"food",0,0,0
3399178.97153646,"food",0,0,0
3475320.52802853,"food",0,0,0
2899362.95733787,"food",0,0,0
3252427.18588561,"food",0,0,0
5071258.75237398,"food",1,92,10.32
5643886.12890616,"food",1,164,12.71
1737405.22610024,"food",0,0,0
4749108.32499154,"food",1,158,15.44
5878286.74842604,"food",1,104,5.58
5873962.31736057,"food",1,130,0
2753127.85082497,"food",0,0,0
2969745.28487772,"food",0,0,0
5754755.04528731,"food",1,147,0
1533241.59816839,"food",0,0,0
5673800.58253184,"food",1,110,2.57
2730810.49928442,"food",0,0,0
3665303.0293528,"food",0,0,0
3693971.49677388,"food",0,0,0
4573589.74870294,"food",1,191,14.19
3028952.50055008,"food",0,0,0
1763940.70638344,"food",0,0,0
2701163.80671971,"food",0,0,0
4133274.2376253,"food",0,0,0
1286863.39152046,"food",0,0,0
5258338.19899708,"food",1,148,16.87
2063226.72916576,"food",0,0,0
3697310.13919227,"food",0,0,0
1682437.93095462,"food",0,0,0
2624325.70243254,"food",0,0,0
4105381.46877661,"food",0,0,0
2279911.2428911,"food",0,0,0
4174378.99415381,"food",0,0,0
3428360.53483188,"food",0,0,0
5690884.58339684,"food",1,135,0
5287507.68536702,"food",1,120,23.83
2854417.68844612,"food",0,0,0
2571009.14977491,"food",0,0,0
5142671.79905437,"food",1,118,0
3259207.56580308,"food",0,0,0
2579392.06110314,"food",0,0,0
1489042.68769547,"food",0,0,0
1324502.68277898,"food",0,0,0
4447286.83237918,"food",0,0,0
4340253.01970541,"food",0,0,0
5522733.23899135,"food",1,103,0
2508466.35224298,"food",0,0,0
5664043.52337122,"food",1,143,9.08
2009915.0869064,"food",0,0,0
4961893.77992414,"food",1,137,10.02
2123152.54402347,"food",0,0,0
1153782.8554865,"food",0,0,0
5310170.20600848,"food",1,164,0
4425537.52590902,"food",0,0,0
5710374.5478671,"food",1,162,6.89
4379268.80223677,"food",0,0,0
5215600.74202716,"food",1,145,4.53
2809470.92478164,"food",0,0,0
2961829.42599989,"food",0,0,0
3838436.98794954,"food",0,0,0
1475760.6680505,"food",0,0,0
1968920.35799101,"food",0,0,0
3940331.96521923,"food",0,0,0
4757520.84073611,"food",1,88,19.27
5336193.93617846,"food",1,120,14.25
2858978.68592292,"food",0,0,0
4994072.74788246,"food",1,144,0
1291571.96287997,"food",0,0,0
4117178.54696326,"food",0,0,0
2783207.03329518,"food",0,0,0
3939639.66192678,"food",0,0,0
5568923.2100267,"food",1,142,0
1997210.91450192,"food",0,0,0
2845418.11933741,"food",0,0,0
4357041.63881019,"food",0,0,0
4840722.75366634,"food",1,169,0.23
3611241.38021842,"food",0,0,0
5140375.09006448,"food",1,196,12.61
3635480.9734039,"food",0,0,0
3508774.12501723,"food",0,0,0
3099866.59931019,"food",0,0,0
2811491.41630158,"food",0,0,0
1617144.55136098,"food",0,0,0
2490807.64735118,"food",0,0,0
2383382.44869374,"food",0,0,0
4851126.77817233,"food",1,123,0
4890906.5106418,"food",1,168,7.97
1718936.40328199,"food",0,0,0
3577630.75293042,"food",0,0,0
3986202.4274189,"food",0,0,0
3529215.12001194,"food",0,0,0
2930498.16531129,"food",0,0,0
3130490.50420523,"food",0,0,0
1058798.67356271,"food",0,0,0
5596658.85195136,"food",1,187,0
1397198.46565276,"food",0,0,0
3536871.27376907,"food",0,0,0
5100858.08485746,"food",1,130,21.92
3991977.0907145,"food",0,0,0
3120767.63040386,"food",0,0,0
3796551.35353096,"food",0,0,0
4945472.36035578,"food",1,167,9.86
1838576.28982514,"food",0,0,0
5852258.65035318,"food",1,147,0
3367515.49178734,"food",0,0,0
5648716.02947824,"food",1,120,5.24
5504696.35194167,"food",1,142,5.68
4754410.93929112,"food",1,142,0
4382843.86205487,"food",0,0,0
4240067.22890772,"food",0,0,0
1366234.34862122,"food",0,0,0
3117792.09203087,"food",0,0,0
3654121.82081491,"food",0,0,0
5713523.81166071,"food",1,160,0.98
4561122.7969639,"food",0,0,0
4622452.87746191,"food",1,132,6.36
3350643.08857545,"food",0,0,0
1601411.27905808,"food",0,0,0
4915488.35439608,"food",1,118,1.27
3190786.98544763,"food",0,0,0
3157279.89911102,"food",0,0,0
1137489.39498328,"food",0,0,0
1732809.21438709,"food",0,0,0
3112975.78993253,"food",0,0,0
4835685.87130867,"food",1,107,5.75
1023832.22687058,"food",0,0,0
4017978.45750116,"food",0,0,0
5527886.30267605,"food",1,81,3.03
4533307.65967257,"food",0,0,0
2312685.7962925,"food",0,0,0
5255381.0973186,"food",1,123,10.22
2668027.57536061,"food",0,0,0
3891421.3378448,"food",0,0,0
3163865.65123685,"food",0,0,0
1257976.61510296,"food",0,0,0
4649016.43944904,"food",1,122,23.64
3740852.07143798,"food",0,0,0
4756109.92778093,"food",1,142,16.37
1253855.8235392,"food",0,0,0
4574831.06199652,"food",1,163,5.7
2488472.28381783,"food",0,0,0
2417386.04870625,"food",0,0,0
5149385.63713804,"food",1,144,0
1431976.87598877,"food",0,0,0
1213285.59494577,"food",0,0,0
2743704.04449292,"food",0,0,0
3711680.05070649,"food",0,0,0
4047304.31758799,"food",0,0,0
2356860.49237847,"food",0,0,0
2026154.6599213,"food",0,0,0
2908160.74144095,"food",0,0,0
3362790.5768808,"food",0,0,0
5177589.74945173,"food",1,190,21.3
1607357.48149455,"food",0,0,0
4379040.62471353,"food",0,0,0
3483426.09964311,"food",0,0,0
5511188.7389794,"food",1,112,8.87
3756319.83415224,"food",0,0,0
1642823.3825136,"food",0,0,0
3210048.92839119,"food",0,0,0
1961488.48184384,"food",0,0,0
3174503.11058201,"food",0,0,0
2125667.01485775,"food",0,0,0
5805481.41058534,"food",1,137,23.86
3242137.32522912,"food",0,0,0
4885724.9263674,"food",1,86,10.02
1791098.87243249,"food",0,0,0
5334042.91281477,"food",1,104,0
2030728.02885436,"food",0,0,0
1889748.41521122,"food",0,0,0
1824455.7317812,"food",0,0,0
3826344.88656186,"food",0,0,0
4635905.10562062,"food",1,169,0
5379594.9453488,"food",1,135,1.77
4542121.918872,"food",0,0,0
3387316.05466455,"food",0,0,0
5101399.96791258,"food",1,151,20.44
1083061.05388328,"food",0,0,0
5980555.50619029,"food",1,106,0
4174474.1788134,"food",0,0,0
3142376.90437585,"food",0,0,0
1141964.66421708,"food",0,0,0
4766663.50290179,"food",1,133,0
2043169.8767934,"food",0,0,0
5997277.02583186,"food",1,198,0
5536245.96586451,"food",1,144,18.48
4562325.15885495,"food",0,0,0
4654664.41959143,"food",1,51,8.7
3362439.60564025,"food",0,0,0
5312553.43486555,"food",1,179,3.67
1827075.61203279,"food",0,0,0
4102139.62802663,"food",0,0,0
2461656.9748614,"food",0,0,0
3280708.66898634,"food",0,0,0
1228196.04491815,"food",0,0,0
1888308.76047723,"food",0,0,0
1289660.33947654,"food",0,0,0
5722051.1676278,"food",1,131,17.1
2713717.37145819,"food",0,0,0
3589752.85338238,"food",0,0,0
4126226.67639516,"food",0,0,0
2186324.26834665,"food",0,0,0
3580619.57196333,"food",0,0,0
5032709.13870074,"food",1,159,28.79
2741323.67246784,"food",0,0,0
5293437.26485968,"food",1,130,0
1172193.80591996,"food",0,0,0
5854985.72932556,"food",1,179,10.61
4725550.68111978,"food",1,149,0.54
2366276.20900981,"food",0,0,0
4385530.50765768,"food",0,0,0
2739737.34024912,"food",0,0,0
5735102.60810144,"food",1,143,0
2693118.87468211,"food",0,0,0
1158566.01996347,"food",0,0,0
2767928.9879743,"food",0,0,0
2935617.93887056,"food",0,0,0
2784735.80046557,"food",0,0,0
5799843.0300504,"food",1,160,0
2918691.02418423,"food",0,0,0
3731688.1052684,"food",0,0,0
5626617.37925373,"food",1,201,5.79
5584297.63559252,"food",1,153,19.7
2213664.9643071,"food",0,0,0
4585454.19410802,"food",1,131,16.16
2744730.17919809,"food",0,0,0
3771416.7535305,"food",0,0,0
4714862.06538975,"food",1,151,21.94
5098491.59303121,"food",1,154,4.56
5348286.32511199,"food",1,113,9.09
1179325.67163371,"food",0,0,0
2100122.01708741,"food",0,0,0
2834866.0483025,"food",0,0,0
2528482.21012391,"food",0,0,0
4639152.28750557,"food",1,151,0
4498643.83111708,"food",0,0,0
5550304.63403091,"food",1,175,5
5228013.04841414,"food",1,83,0
4892723.20084274,"food",1,110,11.16
3004217.14107506,"food",0,0,0
3884023.29431847,"food",0,0,0
1381797.23080248,"food",0,0,0
5364874.25351515,"food",1,158,15.05
5781428.67796123,"food",1,150,14.17
3527655.39917164,"food",0,0,0
5621831.81894943,"food",1,121,0
1672567.66371429,"food",0,0,0
2193685.01589634,"food",0,0,0
3449813.11028823,"food",0,0,0
3370300.48388988,"food",0,0,0
3174970.79516761,"food",0,0,0
1196244.80046332,"food",0,0,0
4221655.07590398,"food",0,0,0
4577836.00105904,"food",1,61,0
2758333.60641263,"food",0,0,0
5732783.74411166,"food",1,150,8.16
4715532.53615275,"food",1,140,6.64
1253929.60174941,"food",0,0,0
5901823.9043653,"food",1,150,3.69
2089112.2627072,"food",0,0,0
1180980.01019098,"food",0,0,0
2303519.3271935,"food",0,0,0
4602078.9295435,"food",1,161,0
2239470.90585716,"food",0,0,0
2174578.95772532,"food",0,0,0
1105059.21440199,"food",0,0,0
2323103.1387113,"food",0,0,0
4459008.09741579,"food",0,0,0
1173346.95556201,"food",0,0,0
1313930.64768054,"food",0,0,0
2988530.45934811,"food",0,0,0
3450142.12443493,"food",0,0,0
4155243.73785593,"food",0,0,0
4617021.56136744,"food",1,137,1.04
1383828.96222174,"food",0,0,0
3107230.40276207,"food",0,0,0
5868633.429287,"food",1,144,0.19
5069028.91700156,"food",1,124,5.49
2118838.61478418,"food",0,0,0
3448711.52914129,"food",0,0,0
1056700.96492395,"food",0,0,0
2293011.48466766,"food",0,0,0
3272993.85936931,"food",0,0,0
4704883.44109617,"food",1,80,5.47
5953300.05884171,"food",1,139,7.62
2661024.73041974,"food",0,0,0
5723957.02730864,"food",1,86,22.02
5809267.09948108,"food",1,201,20.51
5496387.49822043,"food",1,106,1.78
3463579.17552814,"food",0,0,0
4924677.38944106,"food",1,154,21.4
5015595.23539618,"food",1,171,0
4388838.11840788,"food",0,0,0
3906387.89301738,"food",0,0,0
2653340.43675102,"food",0,0,0
1006573.28288071,"food",0,0,0
1329009.82070714,"food",0,0,0
1429759.58669558,"food",0,0,0
1065548.584098,"food",0,0,0
2678728.12133282,"food",0,0,0
1596321.58256136,"food",0,0,0
3967977.22694464,"food",0,0,0
1186563.3786656,"food",0,0,0
1047858.95929672,"food",0,0,0
1807980.62961549,"food",0,0,0
5159494.94112283,"food",1,139,0
4834213.77162449,"food",1,125,6.66
2363901.58208087,"food",0,0,0
1940816.49440341,"food",0,0,0
2128809.17382427,"food",0,0,0
1309851.83781013,"food",0,0,0
1299501.20486319,"food",0,0,0
1740779.35190871,"food",0,0,0
1364939.4295644,"food",0,0,0
1214429.45930175,"food",0,0,0
3612306.36155233,"food",0,0,0
4946157.44706243,"food",1,134,8.29
4473766.74064435,"food",0,0,0
1332880.2366741,"food",0,0,0
1089788.73258457,"food",0,0,0
3210792.11682081,"food",0,0,0
1788010.41585393,"food",0,0,0
4594300.57927966,"food",1,129,14.46
4519709.1626469,"food",0,0,0
5426131.52437843,"food",1,161,17.71
2626305.07606082,"food",0,0,0
5854407.83319063,"food",1,183,4.9
5924101.33127123,"food",1,106,20.3
1195923.58847149,"food",0,0,0
5467856.44046031,"food",1,118,3.54
5111995.7563933,"food",1,145,0
4621223.46414253,"food",1,87,0
2444600.68899207,"food",0,0,0
3509743.02296527,"food",0,0,0
3141735.00658944,"food",0,0,0
4050080.08028381,"food",0,0,0
5630565.87032042,"food",1,175,2.03
2200616.28869735,"food",0,0,0
2359409.16952677,"food",0,0,0
4675018.23231578,"food",1,145,14.88
4757729.36502472,"food",1,149,13
5652959.60428193,"food",1,77,19.13
3313651.37384273,"food",0,0,0
5303455.88363707,"food",1,170,4.37
2560182.09760077,"food",0,0,0
2040195.06718032,"food",0,0,0
5604137.33613677,"food",1,111,12.17
1263684.42107923,"food",0,0,0
3055777.15532854,"food",0,0,0
3281706.07588254,"food",0,0,0
3079301.23782717,"food",0,0,0
4351767.25871861,"food",0,0,0
4784520.40022239,"food",1,83,10.51
5558256.57234527,"food",1,177,19.41
5099760.42923518,"food",1,114,4.26
1468249.26277623,"food",0,0,0
1889530.40656634,"food",0,0,0
4211072.901031,"food",0,0,0
5371414.96920958,"food",1,206,19.28
3961566.75205566,"food",0,0,0
2312160.96109711,"food",0,0,0
5418761.32041216,"food",1,143,0
1938446.73130661,"food",0,0,0
3444334.91141535,"food",0,0,0
1049102.43558697,"food",0,0,0
2802170.21610588,"food",0,0,0
3210808.45454708,"food",0,0,0
1628646.10692486,"food",0,0,0
4121822.7383215,"food",0,0,0
2512156.65857308,"food",0,0,0
2198186.14097312,"food",0,0,0
2793148.81796017,"food",0,0,0
5464552.0625636,"food",1,197,0
5953136.32534817,"food",1,117,0
4662105.98731413,"food",1,129,18.03
5963940.4413756,"food",1,99,12.37
3698946.8105603,"food",0,0,0
3169008.80914181,"food",0,0,0
5823368.37099865,"food",1,147,13.96
1741598.21611829,"food",0,0,0
1332465.27891606,"food",0,0,0
1121257.44018704,"food",0,0,0
4062116.20918475,"food",0,0,0
4483043.74027066,"food",0,0,0
5005709.43602361,"food",1,176,3.12
1688651.41947754,"food",0,0,0
1798924.1136238,"food",0,0,0
5944167.96485893,"food",1,103,4.77
2993228.4776587,"food",0,0,0
1939559.08087082,"food",0,0,0
3388641.2056163,"food",0,0,0
3721170.11365481,"food",0,0,0
2640789.90346752,"food",0,0,0
5999652.96825394,"food",1,140,21.74
3638909.17995013,"food",0,0,0
1668672.54092358,"food",0,0,0
3192700.33878274,"food",0,0,0
4103969.69900467,"food",0,0,0
2014562.06059083,"food",0,0,0
1670848.86366501,"food",0,0,0
4884169.99019682,"food",1,139,0
4179749.24342707,"food",0,0,0
2410681.48310296,"food",0,0,0
1956297.28049971,"food",0,0,0
2327683.59966576,"food",0,0,0
3654043.96457598,"drink",0,0,0
4424304.52001281,"drink",0,0,0
2916416.96845181,"drink",0,0,0
5774939.99176659,"drink",1,181,21.17
1591782.9030659,"drink",0,0,0
1195500.27674995,"drink",0,0,0
3522525.16453154,"drink",0,0,0
3892412.77612746,"drink",0,0,0
5196519.53969151,"drink",1,141,16.09
4272224.876564,"drink",0,0,0
5722641.69948176,"drink",1,190,13.46
3558288.14813867,"drink",0,0,0
1424605.29599339,"drink",0,0,0
5973852.54711844,"drink",1,194,6.53
3007220.59933469,"drink",0,0,0
5478231.48337193,"drink",1,185,7.82
5384292.06027649,"drink",1,207,32
2482423.98980074,"drink",0,0,0
1662959.54864472,"drink",0,0,0
2329554.53824252,"drink",0,0,0
1028637.71398552,"drink",0,0,0
5098009.10740159,"drink",1,184,0
1873308.39480273,"drink",0,0,0
5215402.7603101,"drink",1,208,12.09
1833560.83370745,"drink",0,0,0
4820097.17519395,"drink",1,178,8.73
3594690.43696299,"drink",0,0,0
2363426.51676387,"drink",0,0,0
2716015.67883044,"drink",0,0,0
4525376.70056336,"drink",0,0,0
3957676.50590278,"drink",0,0,0
3346895.18809319,"drink",0,0,0
2681883.02777708,"drink",0,0,0
5839187.14337051,"drink",1,190,0
4229209.4186414,"drink",0,0,0
1981505.84613904,"drink",0,0,0
2785901.92575939,"drink",0,0,0
3565090.41064419,"drink",0,0,0
5414983.70259069,"drink",1,193,35.71
1763337.82635629,"drink",0,0,0
2152307.98721313,"drink",0,0,0
1814942.89217517,"drink",0,0,0
4071734.29522663,"drink",0,0,0
3508182.21946247,"drink",0,0,0
1940594.44032609,"drink",0,0,0
3038574.26298782,"drink",0,0,0
3911940.23448043,"drink",0,0,0
2544645.3250479,"drink",0,0,0
3404828.20081525,"drink",0,0,0
5696973.96154515,"drink",1,175,34.95
1230202.74122246,"drink",0,0,0
3674308.64856578,"drink",0,0,0
3213303.91126685,"drink",0,0,0
5531827.34781876,"drink",1,220,9.13
5405211.90874279,"drink",1,184,2.26
1816205.58165014,"drink",0,0,0
4760953.82845961,"drink",0,0,0
3014936.01081893,"drink",0,0,0
3784763.46749812,"drink",0,0,0
1400846.4096114,"drink",0,0,0
1582842.96188504,"drink",0,0,0
5625962.80616708,"drink",1,187,35.32
5394221.20340168,"drink",1,188,29.09
1816038.13450783,"drink",0,0,0
3657819.50671226,"drink",0,0,0
5648960.84158681,"drink",1,217,27.23
2628579.96881939,"drink",0,0,0
1803973.15439768,"drink",0,0,0
5748539.58934546,"drink",1,189,7.04
3311785.24321876,"drink",0,0,0
2103854.43666019,"drink",0,0,0
1010096.16302326,"drink",0,0,0
4095963.01638521,"drink",0,0,0
3012529.6106562,"drink",0,0,0
5500163.0531624,"drink",1,225,4.03
3529409.92242657,"drink",0,0,0
4632435.40516123,"drink",0,0,0
1137433.07441473,"drink",0,0,0
2897066.06557593,"drink",0,0,0
2933723.31093997,"drink",0,0,0
2689103.62641327,"drink",0,0,0
2822159.25655328,"drink",0,0,0
4193779.84851599,"drink",0,0,0
1164571.63728774,"drink",0,0,0
4480962.94212155,"drink",0,0,0
5077820.87335363,"drink",1,212,22.9
3537114.26747032,"drink",0,0,0
1562963.12948689,"drink",0,0,0
5531616.50570109,"drink",1,197,12.25
3066694.76581737,"drink",0,0,0
3368778.93912606,"drink",0,0,0
4568570.90024278,"drink",0,0,0
2209356.05256818,"drink",0,0,0
2498203.1378895,"drink",0,0,0
4522394.10742186,"drink",0,0,0
4858374.74022992,"drink",1,210,21.47
1069201.70271769,"drink",0,0,0
3756569.76737082,"drink",0,0,0
4262305.95237575,"drink",0,0,0
5658303.5402,"drink",1,199,20.67
4451958.52569304,"drink",0,0,0
2268835.69522761,"drink",0,0,0
3055191.85052253,"drink",0,0,0
1614455.5658102,"drink",0,0,0
1659832.7786196,"drink",0,0,0
4200590.04123323,"drink",0,0,0
2732117.16115475,"drink",0,0,0
3113783.02308731,"drink",0,0,0
5697044.40212809,"drink",1,179,26.37
2919446.15449756,"drink",0,0,0
2142925.65500364,"drink",0,0,0
4451393.42942275,"drink",0,0,0
1049289.58718665,"drink",0,0,0
4430654.47174013,"drink",0,0,0
4958372.98012339,"drink",1,189,1.01
3537467.44361706,"drink",0,0,0
2540381.24484941,"drink",0,0,0
4686061.38625182,"drink",0,0,0
2523576.21700503,"drink",0,0,0
4873543.50881651,"drink",1,186,19.6
1560568.18924844,"drink",0,0,0
4988718.49989519,"drink",1,182,24.67
3455005.83667308,"drink",0,0,0
5164590.87398835,"drink",1,186,12.36
4792115.77470414,"drink",0,0,0
5510732.80419223,"drink",1,179,0
2392200.06531104,"drink",0,0,0
3228464.24905583,"drink",0,0,0
2360078.67869921,"drink",0,0,0
2649591.62822925,"drink",0,0,0
5318003.26914527,"drink",1,179,18.69
1549289.76693191,"drink",0,0,0
3011284.49873067,"drink",0,0,0
3030375.46831183,"drink",0,0,0
3182396.27429284,"drink",0,0,0
1885000.48150308,"drink",0,0,0
2328651.00051276,"drink",0,0,0
4297750.06743148,"drink",0,0,0
5080277.52419002,"drink",1,206,25.94
3105921.72341421,"drink",0,0,0
1800321.52123749,"drink",0,0,0
2443050.63644424,"drink",0,0,0
5010645.0417079,"drink",1,184,24.71
1821228.40918601,"drink",0,0,0
4948963.67564797,"drink",1,193,23.33
3621074.84973967,"drink",0,0,0
2600175.01330003,"drink",0,0,0
2375885.43933816,"drink",0,0,0
5009490.191238,"drink",1,140,2.37
1520122.1560128,"drink",0,0,0
5190611.33288778,"drink",1,179,4.52
1396314.3681176,"drink",0,0,0
4587820.33552416,"drink",0,0,0
5323089.1332496,"drink",1,193,26.9
5892791.04047455,"drink",1,192,20.41
2245631.03774562,"drink",0,0,0
1124303.45173925,"drink",0,0,0
2114891.15981385,"drink",0,0,0
1610127.49793008,"drink",0,0,0
2926197.12441228,"drink",0,0,0
1421652.37246081,"drink",0,0,0
2412909.4989039,"drink",0,0,0
3832912.29396127,"drink",0,0,0
2642711.5118131,"drink",0,0,0
5717373.41373228,"drink",1,195,7.51
2886517.56965555,"drink",0,0,0
5766578.06197181,"drink",1,171,16.14
2366264.33813944,"drink",0,0,0
4436650.78049526,"drink",0,0,0
1684959.02232826,"drink",0,0,0
5051053.85812931,"drink",1,207,8.1
4813023.46009761,"drink",1,190,17.74
3212024.16927554,"drink",0,0,0
3283378.47278453,"drink",0,0,0
4402275.44424124,"drink",0,0,0
1371989.5449467,"drink",0,0,0
4233145.3752704,"drink",0,0,0
4949570.55803388,"drink",1,191,8.3
2116582.53357746,"drink",0,0,0
1204719.95230764,"drink",0,0,0
2923241.81669392,"drink",0,0,0
2720460.76972038,"drink",0,0,0
3231843.46104972,"drink",0,0,0
2934165.84748775,"drink",0,0,0
5591589.57703039,"drink",1,142,17.98
1870087.71719411,"drink",0,0,0
1749352.81183571,"drink",0,0,0
4065996.14443257,"drink",0,0,0
1086216.65998362,"drink",0,0,0
1330552.42151022,"drink",0,0,0
4894195.20739466,"drink",1,178,16.5
5678280.63527122,"drink",1,197,19.83
2036020.69779299,"drink",0,0,0
4216715.7845106,"drink",0,0,0
2656897.87594602,"drink",0,0,0
5777107.95472376,"drink",1,182,13.92
5085945.78504562,"drink",1,161,26.05
4701380.71593828,"drink",0,0,0
2113529.88402359,"drink",0,0,0
1228623.58251587,"drink",0,0,0
2832632.89625756,"drink",0,0,0
4706965.12516588,"drink",0,0,0
5667531.24957904,"drink",1,157,0
4366049.74931106,"drink",0,0,0
4506785.5368834,"drink",0,0,0
5238127.03927979,"drink",1,190,36.74
4530783.27490948,"drink",0,0,0
5294038.79796155,"drink",1,204,16.59
3228222.45559655,"drink",0,0,0
4383174.96003583,"drink",0,0,0
1639123.91313352,"drink",0,0,0
4680857.67608136,"drink",0,0,0
1336225.74177571,"drink",0,0,0
2404000.3484115,"drink",0,0,0
3058088.41856197,"drink",0,0,0
5717124.9857638,"drink",1,209,0
5886712.66590245,"drink",1,153,11.12
1194332.92560279,"drink",0,0,0
3938638.88597116,"drink",0,0,0
1150058.38591605,"drink",0,0,0
3826406.04185872,"drink",0,0,0
1491136.1541599,"drink",0,0,0
4151453.94299179,"drink",0,0,0
5092509.17262398,"drink",1,189,0
2750208.31520669,"drink",0,0,0
1669918.3746241,"drink",0,0,0
1404716.8919351,"drink",0,0,0
2752216.57147631,"drink",0,0,0
5981358.92325081,"drink",1,201,6.62
3664844.05379742,"drink",0,0,0
2679486.90243065,"drink",0,0,0
2571173.21738042,"drink",0,0,0
2913110.30182987,"drink",0,0,0
1092732.03904741,"drink",0,0,0
1182695.58437169,"drink",0,0,0
5392566.47019647,"drink",1,204,17.02
3010320.11886127,"drink",0,0,0
3346905.37094139,"drink",0,0,0
3011682.55065568,"drink",0,0,0
4510450.51240362,"drink",0,0,0
2995822.32628018,"drink",0,0,0
3509791.61355644,"drink",0,0,0
1184868.75342205,"drink",0,0,0
2489878.67403775,"drink",0,0,0
5814209.90894549,"drink",1,208,26.36
5675484.52317715,"drink",1,190,33.65
5805495.88683061,"drink",1,211,25.25
4962976.82076693,"drink",1,174,12.88
4773885.96418314,"drink",0,0,0
1329833.15060847,"drink",0,0,0
1677523.89586531,"drink",0,0,0
1617996.87799066,"drink",0,0,0
4812719.30411458,"drink",1,222,8.76
5517328.57967727,"drink",1,200,9.27
3013295.45117915,"drink",0,0,0
1912815.03904611,"drink",0,0,0
2872826.0952048,"drink",0,0,0
3531043.38655248,"drink",0,0,0
5567513.394868,"drink",1,148,9.95
1383225.90524331,"drink",0,0,0
1548727.61946172,"drink",0,0,0
4771336.11240424,"drink",0,0,0
2522993.87846142,"drink",0,0,0
4619048.28227125,"drink",0,0,0
2161650.14449507,"drink",0,0,0
2967294.33489963,"drink",0,0,0
3539396.98450267,"drink",0,0,0
5699584.32717249,"drink",1,172,0
1289375.85302629,"drink",0,0,0
2523828.52276787,"drink",0,0,0
2204620.22023275,"drink",0,0,0
2926017.17542857,"drink",0,0,0
4814916.77835584,"drink",1,176,18.67
5323234.99349877,"drink",1,197,0
4395556.07526563,"drink",0,0,0
4383813.52717988,"drink",0,0,0
1825262.59706356,"drink",0,0,0
5014337.14665473,"drink",1,156,30.13
4559967.15719812,"drink",0,0,0
5643515.44505917,"drink",1,205,12.52
1037473.02456759,"drink",0,0,0
3981658.2670901,"drink",0,0,0
2833728.40401717,"drink",0,0,0
4709835.77682637,"drink",0,0,0
4810436.95262633,"drink",1,222,11.61
2303614.79590647,"drink",0,0,0
2274679.40677889,"drink",0,0,0
4394204.04983684,"drink",0,0,0
3427403.31217647,"drink",0,0,0
2892922.65102267,"drink",0,0,0
1277739.91343565,"drink",0,0,0
5495129.49213386,"drink",1,196,25.37
5008616.5687535,"drink",1,177,4.24
3405065.25035016,"drink",0,0,0
1160643.79597083,"drink",0,0,0
3560034.0613164,"drink",0,0,0
2865506.360773,"drink",0,0,0
3492858.42408426,"drink",0,0,0
2996328.68403569,"drink",0,0,0
1104734.72299054,"drink",0,0,0
3621445.14243118,"drink",0,0,0
1801994.248759,"drink",0,0,0
2025571.17585093,"drink",0,0,0
5876133.57836381,"drink",1,184,20.06
5831774.37563427,"drink",1,172,20.24
4800351.61157139,"drink",0,0,0
1381852.66079381,"drink",0,0,0
3579119.38009784,"drink",0,0,0
4001525.97250417,"drink",0,0,0
3185120.45452371,"drink",0,0,0
1008211.30583063,"drink",0,0,0
3177757.59054348,"drink",0,0,0
3504818.84460896,"drink",0,0,0
4348023.53056148,"drink",0,0,0
4474285.53388454,"drink",0,0,0
4912551.57184787,"drink",1,195,15.13
1695114.22771029,"drink",0,0,0
1816228.38624753,"drink",0,0,0
4797714.5507466,"drink",0,0,0
3218518.08717474,"drink",0,0,0
4148344.15214136,"drink",0,0,0
1522564.3015001,"drink",0,0,0
5177744.48636919,"drink",1,181,24.75
2669746.80963904,"drink",0,0,0
1997595.94304487,"drink",0,0,0
4472727.38232277,"drink",0,0,0
1829393.81361939,"drink",0,0,0
1369819.51911002,"drink",0,0,0
1191180.94234727,"drink",0,0,0
5230101.08293965,"drink",1,218,13.4
2867740.98663591,"drink",0,0,0
5403553.48633602,"drink",1,136,8.67
1451588.86234276,"drink",0,0,0
3479537.05606051,"drink",0,0,0
4771613.68029192,"drink",0,0,0
4029454.06525396,"drink",0,0,0
3642063.98278475,"drink",0,0,0
5551033.41373615,"drink",1,179,12.66
5928644.5195321,"drink",1,185,0
2398712.8098961,"drink",0,0,0
1617458.47342536,"drink",0,0,0
1871895.21989785,"drink",0,0,0
5406676.27379298,"drink",1,166,34.97
1623141.36070199,"drink",0,0,0
2494844.52325851,"drink",0,0,0
1823673.19962941,"drink",0,0,0
1363047.72249423,"drink",0,0,0
2192069.91046667,"drink",0,0,0
4583333.02661777,"drink",0,0,0
4225104.95898314,"drink",0,0,0
1379374.83284622,"drink",0,0,0
1863544.61032897,"drink",0,0,0
1728351.78929381,"drink",0,0,0
2959505.92169538,"drink",0,0,0
2158725.49708001,"drink",0,0,0
3806899.11451191,"drink",0,0,0
3917600.93299672,"drink",0,0,0
1493796.69129848,"drink",0,0,0
1794582.7068761,"drink",0,0,0
5610327.02005468,"drink",1,163,12.53
5297248.59539419,"drink",1,178,14.94
5535993.76720376,"drink",1,223,16.45
1576344.7820209,"drink",0,0,0
1177696.17028534,"drink",0,0,0
3928771.93773165,"drink",0,0,0
2570841.32428281,"drink",0,0,0
3784446.37078792,"drink",0,0,0
2772477.07732022,"drink",0,0,0
1716341.55814536,"drink",0,0,0
3835677.31385119,"drink",0,0,0
2670493.28912981,"drink",0,0,0
1602005.95296919,"drink",0,0,0
2279271.62102424,"drink",0,0,0
2766926.58220418,"drink",0,0,0
5156599.64666702,"drink",1,215,13.45
4916119.58271824,"drink",1,191,12.47
5700761.03694737,"drink",1,181,0
5195995.15851587,"drink",1,203,0
1744925.09593256,"drink",0,0,0
3953380.42546064,"drink",0,0,0
5119813.00334446,"drink",1,186,0
4159426.82675086,"drink",0,0,0
3349649.80743825,"drink",0,0,0
2293704.51788418,"drink",0,0,0
1122901.75422095,"drink",0,0,0
2644040.63834809,"drink",0,0,0
2124267.42212847,"drink",0,0,0
5386659.19704363,"drink",1,184,14.11
4388271.0034959,"drink",0,0,0
3629666.51818715,"drink",0,0,0
3788433.31965618,"drink",0,0,0
2237358.36707056,"drink",0,0,0
1036483.8540554,"drink",0,0,0
5744532.17582777,"drink",1,196,11.4
4595750.69276616,"drink",0,0,0
2396622.72296846,"drink",0,0,0
4718914.28017989,"drink",0,0,0
5353742.00460501,"drink",1,200,25.47
2901850.62587261,"drink",0,0,0
4597237.57952452,"drink",0,0,0
2198033.55191834,"drink",0,0,0
4238824.37078282,"drink",0,0,0
5878353.80365141,"drink",1,187,5.06
2889994.03966591,"drink",0,0,0
3320720.64303793,"drink",0,0,0
5061481.47885688,"drink",1,184,0
3472040.56591727,"drink",0,0,0
1251545.11327855,"drink",0,0,0
1653108.70297253,"drink",0,0,0
1807191.58053398,"drink",0,0,0
1447265.79915732,"drink",0,0,0
3018070.44097222,"drink",0,0,0
1319299.33931679,"drink",0,0,0
3810029.61215563,"drink",0,0,0
2682620.53979561,"drink",0,0,0
3703211.40531451,"drink",0,0,0
5566156.10979497,"drink",1,209,11.12
2934403.79574895,"drink",0,0,0
5801335.82022972,"drink",1,218,10.67
2923432.95668252,"drink",0,0,0
5708009.89656709,"drink",1,222,7.19
4403178.28580737,"drink",0,0,0
5513211.76835336,"drink",1,179,23.71
2268985.32849737,"drink",0,0,0
3030485.64726487,"drink",0,0,0
1071243.06750484,"drink",0,0,0
1552238.97099495,"drink",0,0,0
3507688.95959482,"drink",0,0,0
2857633.24028812,"drink",0,0,0
5029577.77143456,"drink",1,181,0
1039614.21782151,"drink",0,0,0
5182560.29603072,"drink",1,208,8.87
2884195.89656405,"drink",0,0,0
2926242.66608618,"drink",0,0,0
5757652.87759714,"drink",1,198,9.86
3378371.19726464,"drink",0,0,0
3760468.97168271,"drink",0,0,0
5673581.62510209,"drink",1,194,16.63
5317181.28034845,"drink",1,167,9.57
2299572.42170349,"drink",0,0,0
4438499.17291664,"drink",0,0,0
3239536.23091802,"drink",0,0,0
2090081.37951605,"drink",0,0,0
4431184.0753071,"drink",0,0,0
5796910.12646072,"drink",1,196,5.46
2297022.40461484,"drink",0,0,0
3343799.95963536,"drink",0,0,0
2606697.78822921,"drink",0,0,0
1823214.07273412,"drink",0,0,0
4573638.62683997,"drink",0,0,0
3640828.75684835,"drink",0,0,0
2173573.40059243,"drink",0,0,0
1322158.30753557,"drink",0,0,0
4378817.4809888,"drink",0,0,0
5030726.80928744,"drink",1,179,17.16
1577356.17621802,"drink",0,0,0
4460072.10668176,"drink",0,0,0
1108931.14260398,"drink",0,0,0
2806883.54303129,"drink",0,0,0
4661400.24969354,"drink",0,0,0
2563115.20957388,"drink",0,0,0
3235765.26623219,"drink",0,0,0
5127195.34011558,"drink",1,192,0
2658977.3260057,"drink",0,0,0
1720125.83608739,"drink",0,0,0
2504603.7605498,"drink",0,0,0
1813008.98455083,"drink",0,0,0
5197357.89182596,"drink",1,168,17.72
4321537.38592751,"drink",0,0,0
1694336.52795851,"drink",0,0,0
2629409.06942822,"drink",0,0,0
5157151.09440498,"drink",1,182,22.51
5112695.52190788,"drink",1,174,21.49
1746999.60183352,"drink",0,0,0
3106398.44764955,"drink",0,0,0
3225913.25757094,"drink",0,0,0
5419636.87888347,"drink",1,189,11.73
3074986.63337901,"drink",0,0,0
4449460.80935188,"drink",0,0,0
4584604.38554175,"drink",0,0,0
1061895.84964886,"drink",0,0,0
1189147.24234492,"drink",0,0,0
1454387.07107678,"drink",0,0,0
2994119.83718164,"drink",0,0,0
5501072.87964784,"drink",1,214,8.91
3224513.14213686,"drink",0,0,0
4775765.4604502,"drink",0,0,0
4557351.19781457,"drink",0,0,0
1833781.75157122,"drink",0,0,0
5345711.94578893,"drink",1,199,4.82
1445922.67717235,"drink",0,0,0
1815068.31687875,"drink",0,0,0
5246768.44151691,"drink",1,209,25.24
4140651.70590766,"drink",0,0,0
2042299.75491762,"drink",0,0,0
4364304.13415655,"drink",0,0,0
5821028.45446207,"drink",1,219,11.86
5408694.2600552,"drink",1,182,8.86
5808823.43486883,"drink",1,180,9.36
3323465.92820249,"drink",0,0,0
